,context_tweet,text,pred_cot
385,"‚ÄúF√≠lmame, india horrible‚Äù: as√≠ se refiri√≥ una pareja argentina a vecina de Ciudad de M√©xico por la poda de √°rboles https://t.co/K9sFAt2HKM","@usuario S√≠ndrome del macrismo, en cana los dos y a la mierda. Por culpa de pelotudos como estos nos ven como nos ven","El texto hace referencia a una ""india horrible"", lo cual alude a la apariencia de la vecina y su origen √©tnico. Tambi√©n se refiere a la pareja como ""pelotudos"". La respuesta final es ""racismo, aspecto""."
335,"""Te amo "". La emotiva dedicatoria de Luis Novaresio a su pareja en su cumplea√±os https://t.co/Hh63kaVA5U https://t.co/vNaUBjBkzx",@usuario Definitivamente no acepto esta degeneraci√≥n repugnante de la humanidad.,"El texto se refiere a la relaci√≥n de pareja de Luis Novaresio, pero no contiene ning√∫n discurso de odio ni menciona ninguna caracter√≠stica protegida. La respuesta final es 'nada'."
592,Jonatan Viale acept√≥ las disculpas de Alberto Fern√°ndez https://t.co/bLRZRy3vpw,"@usuario LO HICIERON CARGO Y SE HIZO CARGO, GORDOS LECHOSOS EN A24 HUFFFF SI HABR√Å !!","El comentario se refiere a los periodistas en A24 como ""gordos lechosos"", haciendo una alusi√≥n a su aspecto f√≠sico y su raza. La respuesta final es ""aspecto, racismo""."
559,"El desesperado pedido de Actrices Argentinas ante la violencia de g√©nero en cuarentena: ""Es urgente"" https://t.co/ARA0WcCFw3",@usuario Comparto solicitud de estas mujeres,"El texto apoya la solicitud de las actrices y no contiene ning√∫n discurso de odio. La respuesta final es ""mujer"""
877,"Oscar Gonz√°lez Oro ya est√° instalado en el Uruguay: ""Recuper√© mi libertad"" https://t.co/w0xql1gHbS",@usuario Vayan yendo....yno vuelvan,"El comentario insta a que las personas se vayan y no vuelvan. Aunque no se menciona ninguna caracter√≠stica protegida directamente, este comentario puede ser considerado como discurso de odio hacia un grupo que incluya inmigrantes o personas de otra nacionalidad. La respuesta final es ""racismo"""
1078,Nahir Galarza sum√≥ a una abogada feminista a su defensa: ‚ÄúBuscamos un juicio con perspectiva de g√©nero‚Äù https://t.co/78rlZYsx41,@usuario Asesinaaaaaaaaaaaaa,"El texto se refiere a Nahir Galarza como ""asesina"", pero no menciona ninguna de las caracter√≠sticas protegidas. La respuesta final es ""nada""."
301,China: Vuelven a vender murci√©lagos y carne de animales dom√©sticos a pesar del Coronavirus #OtrasVezComenMurci√©lagos #YComenAnimalesDom√©sticos #As√≠No #Qu√©Horror #Coronavirus #China https://t.co/DTaFQaWzFH,@usuario Dios estos chinos son unos forros. Que se hagan unas papas fritas y se dejan de joder,"El texto critica a los chinos por vender murci√©lagos y carne de animales dom√©sticos, pero no contiene expresiones de rechazo intenso o irracional contra ellos por caracter√≠sticas protegidas. La respuesta final es 'nada'."
730,Su novia es mexicana y Migraciones le exige casi 50 mil pesos para dejarla ingresar a la Argentina | Por Cinthia Ruth https://t.co/dnNHPbdo7m,@usuario Q cruce x bolivia q no hay drama,"El comentario menciona a Bolivia y sugiere que la persona deber√≠a ingresar a Argentina a trav√©s de ese pa√≠s, haci√©ndole un comentario despectivo. La respuesta final es ""racismo""."
236,"‚ÄúMica‚Äù y ‚ÄúMaru‚Äù, las viudas negras de WhatsApp que drogaron a un empresario y le robaron m√°s de 70 mil d√≥lares | Por Mart√≠n Candalaft https://t.co/OpRPN3zxco",@usuario Gil... que bueno que te haya pasado... seguro eran dos gatos que llamaste as√≠ que no armes tanta historia,El texto no contiene discurso de odio. La respuesta final es 'nada'.
440,Coronavirus en Argentina: el 70% de los casos son en hombres https://t.co/f4OXwC4wtl,@usuario Otro dato para la falacia feminista.,"El texto critica a la ""falacia feminista"". La respuesta final es ""mujer"""
47,Alarma en China: m√°s de 3000 personas se enfermaron tras la fuga de una bacteria https://t.co/hwnlVfqRyV https://t.co/hZTIJRUpSv,@usuario Suspendan china,El comentario sugiere que se deber√≠a suspender a China por la propagaci√≥n de la bacteria. No hace ninguna menci√≥n a ninguna caracter√≠stica protegida. La respuesta final es 'nada'.
1035,La pregunta billonaria: ¬øChina deber√≠a pagar el costo de la pandemia? https://t.co/Ld5Ri2LxNj https://t.co/b1lFCr1BqZ,"@usuario O por lo menos ayudar a los pa√≠ses m√°s pobres y dar explicaciones  , no puede ser que desataron una pandemia mundial y adem√°s quieran hacer negocios con la vacuna üò°","El texto critica a China por desatar una pandemia mundial y querer hacer negocios con la vacuna. No contiene declaraciones de rechazo, enemistad o aborrecimiento hacia un grupo espec√≠fico. La respuesta final es 'nada'."
586,Alberto Fern√°ndez ratifica su distancia diplom√°tica con Trump y hoy dialoga con Xi Jinping para profundizar la relaci√≥n con China | Por Rom√°n Lejtman https://t.co/c9FfNBSMbR,@usuario Que hdp que es!!! China es lo peor,El comentario critica a China como lo peor. No se mencionan caracter√≠sticas protegidas. La respuesta final es 'nada'
18,"Carla Vizzotti: ""Cualquier resfr√≠o en este invierno es coronavirus hasta que se demuestre lo contrario"" https://t.co/L1tdNN1Lz4",@usuario Larguen la ayahuasca muchachas üò≥,"El comentario hace alusi√≥n a que las mujeres que hablan sobre el tema del coronavirus est√°n bajo los efectos de la ayahuasca, insinuando que est√°n en un estado de alteraci√≥n mental. La respuesta final es ""mujer, discapacidad"""
590,Evo Morales asegur√≥ desde Buenos Aires que Luis Arce gan√≥ las elecciones en Bolivia https://t.co/puEDB1K5IQ,@usuario Como les gusta el flan a los sudamericanos. Est√°n condenados a la pobreza eterna.,"El texto generaliza y estigmatiza a los sudamericanos, refiri√©ndose de manera negativa a su gusto por el flan y adjudicando que est√°n condenados a la pobreza. La respuesta final es ""racismo, clase""."
217,√öltima encuesta: ¬øQu√© mujer super√≥ a Alberto Fern√°ndez en imagen positiva? https://t.co/LtXtx1gqqR https://t.co/Fve05cJa36,@usuario Chorro y travesti?,"El texto alude a Alberto Fern√°ndez como ""chorro"" (en referencia a delincuente) y ""travesti"" (un t√©rmino peyorativo para referirse a personas trans). La respuesta final es ""pol√≠tica, lgbti""."
772,El exabrupto de una Diputada bonaerense sobre las personas que violan la cuarentena: ‚ÄúSon hijos de puta y pelotudos pero tienen derecho a un respirador‚Äù | Por Mat√≠as Russo Coroman https://t.co/Qs2C6KSprg,@usuario Esta gorda que se quede encerrada por 3 a√±os m√°s. Pasate un koleston raizuda!,"El texto hace referencia al aspecto f√≠sico de la diputada (gorda) y le recomienda que se ti√±a las ra√≠ces de su cabello. La respuesta final es ""aspecto"""
587,China: identificaron otro virus ‚Äúcon potencial para convertirse en pandemia‚Äù #NuevoVirus #China #TransportadoPorCerdos #Podr√≠aInfectarAHumanos #LasActualesVacunasPodr√≠anAdaptarse #M√°sEnLaNota https://t.co/PfFGNEhY1O,@usuario con razon cerraron China x a√±os...se encerraron...Encierrense muchachos.,"El texto hace referencia al cierre de China por a√±os, pero no contiene expresiones de rechazo o enemistad contra ning√∫n individuo o grupo protegido. La respuesta final es 'nada'."
256,Pedro S√°nchez: ‚ÄúArgentina es hoy una naci√≥n m√°s feminista‚Äù https://t.co/5s89M2akC5,"@usuario Jajajajjajajajajajja el tuerto se r√≠e del degollado. Pues nada, argentina con la crisis que tiene, que coma feminismo.","El comentario se burla de la declaraci√≥n de Pedro S√°nchez y menciona que Argentina deber√≠a centrarse en otros problemas en lugar de ""comer feminismo"". La respuesta final es ""mujer"""
680,"üòÇ[QUIEN PUDIERA]üòÇ Desopilante respuesta de More Rial cuando le preguntaron de qu√© trabaja: ""Me la rasco..."" &gt;&gt;&gt; En medio de una transmisi√≥n de Instagram revel√≥ cu√°les son sus h√°bitos laborales y sorprendi√≥ a todos sus seguidores. ¬°Mir√°!

https://t.co/0KWlc9ecBm","@usuario M√°s que desopilante, es una verg√ºenza que le aplaudan la vagancia a esta bolsa de papas. Iba a decir "" Se rasca los huevos como Rial""...pero no...osea....no tiene....no hay. ..solo dos bolsitas vac√≠as....sentiende?",El comentario critica a More Rial por ser vaga y no trabajar. No se realiza ninguna menci√≥n a una caracter√≠stica protegida. La respuesta final es 'nada'.
476,Graciana Pe√±afort: ‚ÄúLa marcha me dio mucha pena y tuvo un nivel de convocatoria menor al esperado‚Äù https://t.co/sPiBqGmFIg,"@usuario a quien le importa lo que piensa esta mujer ? 
es tan importante para ponerla en primera plana ?","El comentario menosprecia la opini√≥n de Graciana Pe√±afort por ser mujer. La respuesta final es ""mujer"""
674,üò±[¬°SORPRESA!]üò± ¬øMore Rial encontr√≥ el amor en un personal trainer? &gt;&gt;&gt; La medi√°tica comparti√≥ una transmisi√≥n en vivo con un apuesto entrenador personal donde se mostraron muy √≠ntimos. ¬°Mir√° el video! https://t.co/awXwWic01Q,@usuario Mira las noticias porongas que ponen. No la toca nadie a la gorda esa,"El texto alude a su aspecto (gorda) y la desprecia. La respuesta final es ""aspecto"""
2,China: identificaron otro virus ‚Äúcon potencial para convertirse en pandemia‚Äù #NuevoVirus #China #TransportadoPorCerdos #Podr√≠aInfectarAHumanos #LasActualesVacunasPodr√≠anAdaptarse #M√°sEnLaNota https://t.co/PfFGNEhY1O,"@usuario Primero se morfan murci√©lagos, ahora se deben haber garchado un chancho","El texto hace referencia a la alimentaci√≥n de los chinos y realiza un comentario despectivo y vulgar acerca de supuestas pr√°cticas sexuales con animales. La respuesta final es ""racismo, aspecto""."
145,"‚ÄúComemurci√©lagos‚Äù y ‚Äúfabricantes de virus"": la ira de una estrella del rock contra China por la pandemia de coronavirus https://t.co/hxQH8AJyFX",@usuario Un mequetrefe frustrado de la vida despidi√©ndose de su p√∫blico de por vida con racismo.,"El texto critica al cantante por expresar su ira hacia China y calificarlos de ""comemurci√©lagos"" y ""fabricantes de virus"". La respuesta final es ""racismo"""
1049,La cr√≠tica de Juana Viale a la foto de Alberto Fern√°ndez y Hugo Moyano https://t.co/jYpE7KEszY https://t.co/r8crp9DKKP,"@usuario Una degenerada que cuando estaba por parir se revolcaba con MARTIN LUSTEAU EN UN AUTO. juana VIALE por favor! Llamate a silencio que el PEDIDRE QUE TENES ES PEOR QUE EL DE VIVIANA CANOSA, DOS REVENTADAS QUE TIENEN EL TUP√â DE HABLAR DE NUESTRO ALBERTO FERN√ÅNDEZ.","El texto contiene insultos hacia Juana Viale y Viviana Canosa, as√≠ como menciona a Mart√≠n Lousteau. Sin embargo, no hay referencias a las caracter√≠sticas protegidas mencionadas. La respuesta final es 'nada'."
612,Graciana Pe√±afort: ‚ÄúLa marcha me dio mucha pena y tuvo un nivel de convocatoria menor al esperado‚Äù https://t.co/sPiBqGmFIg,"@usuario a mi me da pena ella , que no puede ocuparse de su obesidad morbida y su pulsion x las ‚Äúcachorras‚Äù","El texto se refiere despectivamente al aspecto de Graciana Pe√±afort (obesidad morbida) y la acusa de tener una ""pulsi√≥n"" por mujeres j√≥venes (""cachorras""). La respuesta final es ""aspecto, mujer"""
1008,El kirchnerismo cre√≥ un organismo para supervisar qu√© noticias se publican en los medios de comunicaci√≥n https://t.co/DtJ9zs1BII,"@usuario Montonera, me chupas un huevo.",El texto no contiene ninguna declaraci√≥n relacionada con caracter√≠sticas protegidas. La respuesta final es 'nada'.
769,Xi Jinping prometi√≥ que las vacunas desarrolladas en China contra el coronavirus estar√°n disponibles como ‚Äúbien p√∫blico global‚Äù https://t.co/ZWCZray2Wo,@usuario Ni en pedo me pongo vacuna china,"El comentario expresa desconfianza hacia la vacuna china, pero no contiene ninguna expresi√≥n de odio o rechazo hacia las caracter√≠sticas protegidas. La respuesta final es 'nada'."
845,Por qu√© los pa√≠ses liderados por mujeres parecen haber respondido mejor a la crisis del coronavirus https://t.co/yZrx4rnHSr,@usuario El que sean mujeres Presidentes ya habla de la diferencia de mentalidad de esos pueblos,"El texto alude a que las mujeres presidentes tienen una mentalidad diferente, lo cual puede ser interpretado como un comentario sexista. La respuesta final es ""mujer""."
936,‚Ä≥¬øPor qu√© un beso entre dos hombres los vuelve tan violentos?‚Äù: la vida despu√©s de haber sido v√≠ctima de ataques homof√≥bicos | Por Milton Del Moral https://t.co/MgHNMf8Sch,"@usuario #SorosNoticias estas propagandas disfrazadas de noticias dan asco. A todo ser humano le han hecho pasar un mal momento alguna vez. Yo viv√≠ a√±os de bullying escolar. Sin nadie que me apoyara. Y? lo super√© e hice mi vida. Estos les dicen pio y ya hablan de ""ataque homof√≥bico"".","El texto menciona ataques homof√≥bicos y critica las propagandas disfrazadas de noticias, pero no contiene ning√∫n discurso de odio. La respuesta final es ""lgbti""."
652,Keira Knightley no volver√° a filmar escenas de sexo dirigidas por hombres https://t.co/7Lz9Wbjhds,"@usuario esa perita que tiene, temo que le ingrese agua cuando llueve","El texto hace un comentario sobre el f√≠sico de Keira Knightley, insinuando negativamente sobre su aspecto f√≠sico. La respuesta final es ""mujer, aspecto""."
1048,Cient√≠ficos identificaron en China otro virus respiratorio‚Äúcon potencial para convertirse en pandemia‚Äù https://t.co/TQYuvSXqrT,@usuario Necesitamos mas gente que se estrelle contra las embajadas,"El texto no contiene discurso de odio. No menciona ninguna caracter√≠stica protegida ni hace declaraciones de rechazo intenso e irracional contra un individuo o grupo. La respuesta final es ""nada""."
240,Mara G√≥mez: la historia de la primera futbolista trans en el torneo argentino https://t.co/rBx3pMPUbB https://t.co/l5I1j0xFku,"@usuario No corresponde,  es ventaja","El texto se refiere a la condici√≥n de Mara G√≥mez como una ventaja. La respuesta final es ""lgbti""."
294,"Alberto Fern√°ndez: ""Me ir√≠a a un isla desierta con M√°ximo Kirchner "" https://t.co/J11MNnD5Yb https://t.co/ALGYab7Xch",@usuario @usuario Si el gordo tiene una pinta de sodomita!JAJA,"El texto alude al aspecto f√≠sico del gordo y lo acusa de ser sodomita. La respuesta final es ""aspecto, pol√≠tica"""
607,"Alberto Fern√°ndez: ""Es imperdonable que haya indocumentados en Argentina "" https://t.co/DDrigPlNxZ https://t.co/r6BquV2RBu","@usuario Hay que obligarlos a sacar ciudadan√≠as con ex√°men y a renunciar a sus ciudadan√≠as de or√≠gen y poner restricciones para los delincuentes y los que no trabajan, pero como al gob no le conviene hacerlo va a dar DNI a cualquiera como hasta ahora","El texto critica a los indocumentados y sugiere medidas restrictivas hacia ellos. Adem√°s, menciona a los delincuentes y a los que no trabajan. La respuesta final es ""racismo, pol√≠tica, clase, criminal"""
555,"La otra batalla mundial, el otro enemigo invisible: ‚ÄúLa violencia contra las mujeres es pandemia hace siglos‚Äù | Por Thelma Fardin https://t.co/mHSJ3PFKEh",@usuario Volvi√≥ la insoportable,"El texto se refiere de manera despectiva a las mujeres como ""insoportable"". La respuesta final es ""mujer""."
765,Una polic√≠a bale√≥ y mat√≥ a un joven de 17 a√±os que la atac√≥ con una tijera en Moreno https://t.co/3INhfcsh2P,"@usuario El joven de 17 a√±os es un chorro que le puso una tijera en el cuello a una mina que esperaba el colectivo. Tuvo la suerte de ser polic√≠a y poder sacar su arma, otra quizas terminaba muerta.","El texto alude a que el joven de 17 a√±os es un ""chorro"", lo cual implica que es un delincuente com√∫n. Adem√°s, se refiere a la polic√≠a como ""mina"", lo cual puede ser considerado despectivo hacia las mujeres. La respuesta final es ""criminal, mujer""."
1091,China: Vuelven a vender murci√©lagos y carne de animales dom√©sticos a pesar del Coronavirus #OtrasVezComenMurci√©lagos #YComenAnimalesDom√©sticos #As√≠No #Qu√©Horror #Coronavirus #China https://t.co/DTaFQaWzFH,@usuario @usuario üí£üí£üí£,"El texto consiste en emojis de bombas, no contiene ninguna declaraci√≥n de rechazo o enemistad hacia ning√∫n individuo o grupo. La respuesta final es 'nada'."
493,"Baby Etchecopar, contra las feministas: ""Convirtieron una lucha leg√≠tima en una payasada"" https://t.co/KhS5pn3WNV https://t.co/MLa7Wml301","@usuario una payasada que est√° muy cerca de ser el nuevo ""fascismo"" muy violentas en su verborragia esas HDPs que no respetan nuestras libertades individuales y nos miran amenazantes... ‚ù§Ô∏èüôè","El comentario se refiere de forma despectiva a las feministas, los llama ""HDPs"" (hijas de puta) y dice que son ""muy violentas en su verborragia"". La respuesta final es ""mujer, pol√≠tica""."
611,El PAMI tendr√° que pagar una cirug√≠a para agrandar los pechos de una afiliada autopercibida mujer | Por Patricia Blanco https://t.co/IObp8ZBnxq,"@usuario Sho me autopercibo Susana Gimenez, as√≠ que m√°s vale que me compren una chacra en Uruguay y me paguen la tintura rubia","El texto hace referencia a una afiliada autopercibida mujer y se burla de su identidad de g√©nero al compararse con Susana Gim√©nez. La respuesta final es ""mujer""."
308,China: se derrumb√≥ un hotel usado para la cuarentena de afectados de coronavirus https://t.co/nlKSdKbyEA https://t.co/peIJ62PmB2,"@usuario La tienen clara los chinos,muerto el perro muerto la rabiaüëå","El texto hace una referencia a los chinos de manera general, pero no contiene un discurso de odio intenso o irracional hacia ellos. La respuesta final es ""nada""."
1099,Jair Bolsonaro se mostr√≥ orgulloso porque Vladimir Putin elogi√≥ sus 'cualidades masculinas' https://t.co/0InMBfeLnK,@usuario No seas trolo Man,"El texto utiliza la palabra ""trolo"" como un insulto, que es un t√©rmino despectivo para referirse a una persona gay. La respuesta final es ""lgbti""."
260,"Coronavirus en China: la fiesta ""de la carne de perro"" en Yul√≠n, cada vez m√°s cuestionada https://t.co/tgAEKbLG5q",@usuario Hijos de re mil,"El texto no hace referencia a ninguna caracter√≠stica protegida ni contiene un discurso de odio. La respuesta final es ""nada""."
271,"‚ÄúF√≠lmame, india horrible‚Äù: as√≠ se refiri√≥ una pareja argentina a vecina de Ciudad de M√©xico por la poda de √°rboles https://t.co/K9sFAt2HKM",@usuario que los expulsen Racistas asquerosos,"El texto critica a la pareja argentina por su actitud racista. La respuesta final es ""racismo""."
373,"Coronavirus en la Argentina: ""Es un error abrir m√°s. No lo puedo permitir"", advirti√≥ Axel Kicillof https://t.co/CT4d6vtyni https://t.co/50CsSBAAFz",@usuario Judio hdp la gente necesita laburar,"El texto utiliza un insulto de car√°cter antisemita hacia Axel Kicillof, as√≠ como un comentario sobre la necesidad de trabajar. La respuesta final es ""discurso de odio, pol√≠tica""."
598,Alberto Fern√°ndez ratifica su distancia diplom√°tica con Trump y hoy dialoga con Xi Jinping para profundizar la relaci√≥n con China | Por Rom√°n Lejtman https://t.co/c9FfNBSMbR,"@usuario Dios mio tenemos al presidente mas pelotudo del mundo, mira que no me cae del todo Trump, pero hacer alianza CON CHINA, CHINA, la re concha de tu madre bigotudo de mierda","El texto critica al presidente por querer hacer alianza con China y utiliza un lenguaje ofensivo al referirse a los chinos. La respuesta final es ""racismo"""
1008,Ivana Nadal se cans√≥ de la criticaran y sorprendi√≥ con su respuesta: ‚ÄúGracias a Dios a fin de a√±o me voy del pa√≠s‚Äù https://t.co/ejHs0hGFwg,@usuario Que bien se gana como gato para instalarte en el exterior cuando se te canta el orto.,"El comentario hace referencia al trabajo de Ivana Nadal como ""gato"", t√©rmino despectivo para referirse a una trabajadora sexual. No menciona ninguna de las caracter√≠sticas protegidas. La respuesta final es ""nada""."
304,Coronavirus y encierro forzoso: advierten que puede aumentar la violencia contra mujeres y ni√±os https://t.co/Sg0V0qNAhp,"@usuario Si es muy probable, la gente frente a este tipo de naturaleza, saca el animal.","El comentario menciona una ""naturaleza animal"" que la gente saca frente a situaciones como el encierro forzoso. Aunque no se menciona directamente una caracter√≠stica protegida, este comentario puede ser interpretado como una expresi√≥n de enemistad o rechazo hacia las mujeres y los ni√±os, lo cual entrar√≠a en la categor√≠a de discurso de odio contra la categor√≠a ""mujer"". La respuesta final es ""mujer""."
38,Cient√≠ficos identificaron en China otro virus respiratorio‚Äúcon potencial para convertirse en pandemia‚Äù https://t.co/TQYuvSXqrT,@usuario Que se queden tranca en su pa√≠s y no jodan dale !!!,"El texto expresa un deseo de que los chinos se queden en su propio pa√≠s y no ""jodan"". Aunque este comentario es discriminatorio y xen√≥fobo, no hace referencia a ninguna caracter√≠stica protegida espec√≠fica. La respuesta final es ""racismo""."
694,"El exabrupto de Jair Bolsonaro sobre Brasil y el Covid-19: ""Tienen que dejar de ser un pa√≠s de maricas"" https://t.co/WtxRjY7tJp",@usuario y bueno tiene raz√≥n,"El texto est√° de acuerdo con el comentario ofensivo del discurso de Bolsonaro, aludiendo a la homosexualidad como algo negativo. La respuesta final es ""lgbti, pol√≠tica""."
349,As√≠ qued√≥ la iglesia de El Bols√≥n vandalizada por mapuches https://t.co/HX65fLHMmO,"@usuario Y son los ""protegidos"" @usuario üòÅü§∑‚Äç‚ôÄÔ∏è hagan l√≠o, dijoüòÅüòÅüòÅüòÅüòÅüòÅüòÅüòÅüòÇüòÇüòÇüòÇ","El texto se refiere a los mapuches de manera ir√≥nica y los acusa de ser los ""protegidos"". La respuesta final es ""racismo"""
724,La pregunta billonaria: ¬øChina deber√≠a pagar el costo de la pandemia? https://t.co/Ld5Ri2LxNj https://t.co/b1lFCr1BqZ,"@usuario Dictadura china que somete al Tibet, y los imbeciles comprandole de todo a estos putos del orto","El texto critica a China por su pol√≠tica hacia el T√≠bet y utiliza un lenguaje ofensivo hacia los chinos. La respuesta final es ""racismo, pol√≠tica""."
556,Una nena wichi de dos a√±os muri√≥ por desnutrici√≥n en Salta https://t.co/xemWPmsg9J,@usuario D√≥nde est√°n las feministas cuando hay mujeres y ni√±as muri√©ndose de hambre?? Esa no importan!! Que mal que veo a este pa√≠s decadente!! Pero el aborto es m√°s importante!,"El texto critica a las feministas y las acusa de no preocuparse por las mujeres y ni√±as que mueren de hambre. Tambi√©n minimiza la importancia del aborto. La respuesta final es ""mujer, pol√≠tica"""
246,Su novia es mexicana y Migraciones le exige casi 50 mil pesos para dejarla ingresar a la Argentina | Por Cinthia Ruth https://t.co/dnNHPbdo7m,"@usuario En los circos siempre se pag√≥ entrada. Argentina es uno, por eso le sale eso. Y es s√∫per barato. Aunque te deber√≠an pagar para ir a Argentina, no cobrar.","El texto hace una comparaci√≥n de Argentina con un circo y alude a la nacionalidad mexicana de la novia como un factor negativo. La respuesta final es ""racismo"""
935,"El enojo de Moria Cas√°n contra Roc√≠o Oliva: ‚ÄúMucha agua oxigenada, le qued√≥ media neurona para jugar a la pelota‚Äù https://t.co/1ZHDYsJLri",@usuario patoruzu trava,"El texto es un insulto hacia la persona mencionada, pero sin hacer ninguna menci√≥n a las caracter√≠sticas protegidas. La respuesta final es 'nada'."
1120,Coronavirus y encierro forzoso: advierten que puede aumentar la violencia contra mujeres y ni√±os https://t.co/Sg0V0qNAhp,"@usuario Las feministas est√°n RE Ardidas porque esta situaci√≥n nos retrotrae a "" la familia unida"" , mam√° pap√° hijos y una mesa para compartirüòÑ
Ah! Si hablas de violencia hacia la mujer, no te olvides de remarcar que la violencia en los ni√±os es ejercida en mayor medida por las madres.","El texto realiza una cr√≠tica a las feministas, pero no contiene un discurso de odio hacia las mujeres ni el movimiento feminista en general. Adem√°s, menciona la violencia hacia los ni√±os ejercida por las madres, pero no presenta un rechazo irracional hacia ellas. La respuesta final es ""nada"""
319,Xi Jinping prometi√≥ que las vacunas desarrolladas en China contra el coronavirus estar√°n disponibles como ‚Äúbien p√∫blico global‚Äù https://t.co/ZWCZray2Wo,@usuario Ni en pedo me pongo una vacuna china,"El comentario expresa desconfianza en las vacunas desarrolladas en China, pero no contiene ning√∫n discurso de odio hacia ninguna caracter√≠stica protegida. La respuesta final es 'nada'."
467,Brit√°nica lleg√≥ a Per√∫ por 10 d√≠as y se qued√≥ por amor: vive sin agua potable y entre insectos #AMiNoMeImportaElDinero #TengoLoQueYoM√°sQuieroAMiLado #ElAmorLeGanaATodo? #Conoc√©LaHistoria!!! https://t.co/1AvKrD7OJb,@usuario Pero empomada todo el d√≠a...,El comentario se refiere de manera inapropiada y despectiva a la vida sexual de la persona mencionada en el contexto. No hace menci√≥n a ninguna caracter√≠stica protegida. La respuesta final es 'nada'.
1066,"""Te amo "". La emotiva dedicatoria de Luis Novaresio a su pareja en su cumplea√±os https://t.co/Hh63kaVA5U https://t.co/vNaUBjBkzx",@usuario Quien hace de mujer?,"El texto cuestiona la identidad de g√©nero de la pareja de Luis Novaresio. La respuesta final es ""lgbti"""
688,"Paul McCartney: ""Los chinos necesitan ser m√°s limpios y menos medievales"" https://t.co/IWYFqAR993 https://t.co/X42fVIl9VJ",@usuario En palabras simples: los chinos deber√≠an ser menos chinos.,"El texto alude a que los chinos deben dejar de actuar como chinos, lo cual implica una actitud de rechazo y discriminaci√≥n hacia dicha nacionalidad. La respuesta final es ""racismo""."
444,#YoMeOcupo: la campa√±a que le habla a los varones para que se hagan cargo de las tareas dom√©sticas https://t.co/P2AE8QsdGD,@usuario Solo escriben ac√° los que hacen tareas dom√©sticas? Donde est√°n los que la dejan a la mujer muleando en la cada? Calladitos seguro. Jajaja,"El texto menciona a los hombres que no hacen tareas dom√©sticas y los acusa de dejar a la mujer ""muleando"", lo que implica un estereotipo de g√©nero y una actitud negativa hacia las mujeres. La respuesta final es ""mujer""."
547,Coronavirus en Argentina: el 70% de los casos son en hombres https://t.co/f4OXwC4wtl,@usuario El patriarcado triunfa nuevamente.,"El comentario critica el hecho de que la mayor√≠a de los casos de coronavirus sean en hombres, atribuy√©ndolo al patriarcado. La respuesta final es ""mujer"""
361,"El Gobierno destinar√° 75 mil millones de pesos para urbanizar 300 villas en todo el pa√≠s | Por Andr√©s Klipphan
https://t.co/h8EI0MikZ4",@usuario INDIGNANTE !!üëâPremio al vago usurpadorüí©üí© !!@usuario!!.. La mitad son inmigrantes  !!@usuario@usuarioüò§üò§üò§.,"El texto utiliza t√©rminos despectivos como ""vago"", ""usurpador"" y ""inmigrantes"" en un tono de indignaci√≥n, lo que indica un discurso de odio hacia las personas que viven en villas y los inmigrantes. La respuesta final es ""clase, inmigrantes""."
1113,"El titular de la OMS, ‚Äúdecepcionado‚Äù con China por no dar las autorizaciones necesarias al equipo que viaja a investigar el origen del COVID-19 https://t.co/wXrMlasyFc",@usuario No te enojes mucho etiope. Que mandan a suicidarte con veneno.,"El texto contiene un insulto racial al referirse al titular de la OMS como ""etiope"" de forma despectiva. La respuesta final es ""racismo""."
583,"Cont√≥ que era lesbiana, su pap√° le confes√≥ que era gay y ahora su madre se enamor√≥ de una mujer, lo que inspir√≥ su segundo film | Por Hugo Martin
https://t.co/dt3NtrVJIW",@usuario No es noticia. Son gente que hace su vida nada mas. Dejen de poner en un podio,"El comentario critica que se considere noticia la orientaci√≥n sexual de las personas, indicando que es algo normal y no debe ser objeto de atenci√≥n especial. La respuesta final es ""lgbti"""
733,"C√≥mo es la cerveza ""peronista"" que el Chacho Coudet le regal√≥ a Alberto Fern√°ndez https://t.co/8U1hk0FuGS",@usuario Bien negra y rancia como los K.,"El comentario utiliza el t√©rmino ""negra"" de manera peyorativa para referirse a los seguidores del peronismo. La respuesta final es ""pol√≠tica, aspecto"""
159,Tensi√≥n en Villa Mascardi: mapuches resisten el desalojo de un predio usurpado https://t.co/8X6nnuOh21,@usuario Patada en el orto y a otra cosa,"El texto utiliza un lenguaje agresivo (""patada en el orto"") pero no hace referencia a ninguna caracter√≠stica protegida ni muestra rechazo irracional hacia un individuo o grupo. La respuesta final es 'nada'."
109,El kirchnerismo cre√≥ un organismo para supervisar qu√© noticias se publican en los medios de comunicaci√≥n https://t.co/DtJ9zs1BII,@usuario Cambien la foto!! No asocien la bandera üè≥Ô∏è‚Äçüåà con esta delincuente!! Despues nos odian a loa gays x culpa de los zurdos,"El texto critica a una persona (delincuente) y asocia la bandera LGBT+ con los ""zurdos"", de manera negativa. Adem√°s, menciona a los gays como objeto de odio por parte de los ""zurdos"". La respuesta final es ""pol√≠tica, lgbti"""
500,"Andrea del Boca, Thelma Fardin y Leonor Benedetto se ponen el la piel de las ""mujeres inmortales"" de la Argentina https://t.co/rPgVEa79ym https://t.co/vTItMuKyLh",@usuario Otra vez a mantener estas vagas con la nuestra,"El comentario se refiere despectivamente a las mujeres mencionadas como ""vagas"". La respuesta final es ""mujer""."
828,El PJ elogi√≥ la actitud de China frente a la pandemia del coronavirus https://t.co/IYGVlArQuJ,@usuario Que lindo yo ped√≠ chop suey! Miro Bruce Lee y espero las ofertas del s√∫per chino de la esquina!üàØüééüé¥ #bastadesopademurcielago,"El texto hace alusiones estereotipadas hacia los chinos y su cultura. La respuesta final es ""racismo"""
1083,China: identificaron otro virus ‚Äúcon potencial para convertirse en pandemia‚Äù #NuevoVirus #China #TransportadoPorCerdos #Podr√≠aInfectarAHumanos #LasActualesVacunasPodr√≠anAdaptarse #M√°sEnLaNota https://t.co/PfFGNEhY1O,@usuario Cuiiiiiiida los chanchoooooss mabeeeeeeelllüé∂,"El comentario utiliza el t√©rmino ""chanchoooss"", aludiendo a los chinos como cerdos. La respuesta final es ""racismo""."
986,As√≠ luce el actor Elliot Page tras declararse trans https://t.co/yeTGhw6ooT,"@usuario Ya parec√≠a un tipo, le hac√≠a falta era cambiarse el nombre.","El texto se refiere a Elliot Page, un actor transg√©nero, como si todav√≠a fuera un hombre. La respuesta final es ""lgbti""."
928,Tensi√≥n en Villa Mascardi: mapuches resisten el desalojo de un predio usurpado https://t.co/8X6nnuOh21,@usuario si necesitan una mano les mando un pizzero,"El comentario muestra una actitud burlona y de menosprecio hacia los mapuches, refiri√©ndose a ellos como si fueran una especie de objeto digno de ser desalojado. La respuesta final es ""racismo"""
637,Cient√≠ficos identificaron en China otro virus respiratorio‚Äúcon potencial para convertirse en pandemia‚Äù https://t.co/TQYuvSXqrT,"@usuario Y sospechosamente es en China en donde ""identifican"" otro virus","El comentario insin√∫a que en China siempre surgen nuevos virus, lo cual puede ser considerado xenof√≥bico. La respuesta final es ""racismo""."
1108,"El desesperado pedido de Actrices Argentinas ante la violencia de g√©nero en cuarentena: ""Es urgente"" https://t.co/ARA0WcCFw3",@usuario Todo lo usan para victimizarse...me tienen podrida vayan a laburar par√°sitos,"El texto desacredita la denuncia de violencia de g√©nero y acusa a las mujeres de aprovecharse de la situaci√≥n para victimizarse. La respuesta final es ""mujer"""
50,"Es hija de chinos, llev√≥ merienda al colegio para compartir y se la rechazaron por temor a contagiarse de coronavirus https://t.co/9qLjmqBwNn",@usuario Es el resultado del odio y racismo que USTEDES insuflaron de distintas maneras a lo largo  de todos  estos a√±os. Gratis no es.,"El texto critica el rechazo que sufri√≥ una ni√±a por ser de origen chino, y acusa a los dem√°s de odio y racismo. La respuesta final es ""racismo"""
316,China lanz√≥ una peligrosa venganza por los reportes sobre la eficacia de una de sus vacunas https://t.co/65PypL41wL,@usuario Malditos üá®üá≥,"El texto utiliza un t√©rmino negativo (malditos) para referirse a los chinos. La respuesta final es ""racismo""."
614,"Romina Manguel apunt√≥ contra Susana Gim√©nez: ""Mucha gente la quiere y a m√≠ me incomoda"" https://t.co/kyczDYLGfZ",@usuario Romina buscate un novio. No seas rencorosa.,"El texto menciona a Romina Manguel y le hace una recomendaci√≥n, pero no tiene ninguna declaraci√≥n de rechazo o aborrecimiento hacia ella ni hacia ning√∫n grupo protegido. La respuesta final es 'nada'."
368,Coronavirus en Argentina: el 70% de los casos son en hombres https://t.co/f4OXwC4wtl,@usuario Virus machista. Cuotas de genero ya,"El comentario critica al virus por afectar m√°s a los hombres y demanda cuotas de g√©nero. La respuesta final es ""mujer"""
331,"Coronavirus: Alberto Fern√°ndez advirti√≥ que, 'si el relajamiento sigue, las fuerzas de seguridad saldr√°n a la calle para disipar a la gente' https://t.co/Ejo6OSzvmW",@usuario Pa pobre argentina... Alberto es un monkey con una metralladora,"El texto alude a Alberto Fern√°ndez como un ""monkey"" (mono), haciendo referencia a su origen √©tnico y lo compara con una metralladora. La respuesta final es ""racismo"""
347,Tensi√≥n en Villa Mascardi: mapuches resisten el desalojo de un predio usurpado https://t.co/8X6nnuOh21,@usuario no hicieron una goma. Entraron y se fueron.,"El comentario cr√≠tica a los mapuches por no haber hecho nada y se refiere a ellos de forma despectiva. La respuesta final es ""racismo"""
143,"La otra batalla mundial, el otro enemigo invisible: ‚ÄúLa violencia contra las mujeres es pandemia hace siglos‚Äù | Por Thelma Fardin https://t.co/mHSJ3PFKEh",@usuario Que lindo ser hombre indestructible..¬°¬°¬° Inasesinable dir√≠a yo que somos..¬°¬°¬°,"El texto resalta la superioridad del hombre y su condici√≥n de indestructible e inasesinable, lo cual minimiza el problema de la violencia contra las mujeres. La respuesta final es ""mujer""."
1025,Qu√© hubiese pasado en otros pa√≠ses con la mujer que mordi√≥ y arroj√≥ gas pimienta a los polic√≠as en Villa Ballester | Por Mauricio Luna https://t.co/QMbNEQXm5n,@usuario palo y presa!,"El texto sugiere que la mujer deber√≠a recibir una paliza y ser encarcelada. La respuesta final es ""mujer, criminal""."
915,Evo Morales asegur√≥ desde Buenos Aires que Luis Arce gan√≥ las elecciones en Bolivia https://t.co/puEDB1K5IQ,"@usuario Igual los bolivianos seguir√°n migrando a Chile y Argentina, tanta wea para eso.","El texto menciona migraci√≥n de bolivianos a Chile y Argentina, pero no contiene expresiones de rechazo o irracionalidad. La respuesta final es 'nada'."
1093,Los fans de Florencia Kirchner le piden casamiento por Instagram https://t.co/t0zMcHf8g8 https://t.co/D7wG8EDOBi,"@usuario Es fea pobrecita , pero bue, si me da una de las tantas caja de seguridad que tiene encantada, yo tambi√©n me casar√≠a.","El texto hace una referencia negativa a la apariencia f√≠sica de Florencia Kirchner (fea) y menciona que se casar√≠a con ella si le da una caja de seguridad. La respuesta final es ""mujer, aspecto""."
807,Dur√≠simo descargo de Migue Granados luego de que le pidieran 9 mil d√≥lares por mes para alquilar una casa durante el verano https://t.co/tZ6gCxvLxf,@usuario White peoples problems!,"El comentario se refiere a los problemas de las personas blancas. La respuesta final es ""racismo""."
419,"Fue a robar a una casa y el due√±o lo mat√≥ de un tiro: ""Reaccion√≥ como cualquiera de nosotros"", dijo la familia del ladr√≥n https://t.co/tvbIiMQ7TZ","@usuario Bien tia, traeme una que la vot√≥","El texto hace referencia al ladr√≥n como ""tia"" denotando su g√©nero femenino y lo desprecia por quien la vot√≥. La respuesta final es ""mujer, pol√≠tica"""
655,As√≠ qued√≥ la iglesia de El Bols√≥n vandalizada por mapuches https://t.co/HX65fLHMmO,@usuario @usuario Pasa lo mismo porque no nos acostumbramos a decirles delincuentes y violentos a los que hac√≠an lo mismo en los 60 y 70.,"El texto menciona a los mapuches como ""delincuentes y violentos"". La respuesta final es ""racismo, criminal"""
858,"Un estudio dice que el COVID-19 ya circulaba en Italia en septiembre de 2019, mucho antes de que China reconociera la existencia del virus https://t.co/gy6A7pI5jv",@usuario Dejen de mentir chinos. H√°ganse cargo de las muertes en todo el mundo. Vaya forma de vivir.,"El texto critica a los chinos, responsabiliz√°ndolos de las muertes en todo el mundo debido al COVID-19. La respuesta final es ""racismo"""
1042,Cristina Kirchner anunci√≥ que regresa con su hija Florencia a la Argentina https://t.co/HMo9JGd8qa,@usuario Me imagino q har√°n cuarentena est√°s dos ratas asquerosas!!,"El texto insulta a Cristina Kirchner y a su hija, pero no hace menci√≥n a ninguna caracter√≠stica protegida. La respuesta final es 'nada'."
531,Escocia ser√° el primer pa√≠s del mundo que proveer√° gratis a todas las mujeres tampones y toallas femeninas https://t.co/TTUWCHBxmM,@usuario claramente eskocia financi√≥ la campa√±a de la kretina. en esas toallitas van a poner chips para controlar a la poblaci√≥n. maoistas.,"El texto critica a Escocia por financiar la campa√±a de alguien llamado ""kretina"" y sugiere que los tampones y toallas femeninas que se proporcionar√°n contendr√°n chips para controlar a la poblaci√≥n. La respuesta final es ""mujer, pol√≠tica""."
419,"Elizabeth G√≥mez Alcorta: ‚ÄúPor la pandemia, vamos a tener una suba de los femicidios y travesticidios‚Äù | Por Luciana Peker https://t.co/OGEL4INojA","@usuario Pensar que cobran sueldos y la organizaci√≥n de nivel Ministerio. PARA QUE??? para que aprendamos a decir chicos, chicas, chiques, TRAVESTICIDIOSü§¶üèΩ‚Äç‚ôÇÔ∏èü§¶üèΩ‚Äç‚ôÇÔ∏èü§¶üèΩ‚Äç‚ôÇÔ∏èü§¶üèΩ‚Äç‚ôÇÔ∏èü§¶üèΩ‚Äç‚ôÇÔ∏ècuando una persona mata a otra comete HOMICIDIO. El que mata una hormiga ser√≠a HORMIGUICIDIO, seg√∫n estos berretas?","El texto critica el lenguaje inclusivo y ridiculiza la inclusi√≥n del t√©rmino ""travesticidio"". La respuesta final es 'mujer'"
1102,Jair Bolsonaro se mostr√≥ orgulloso porque Vladimir Putin elogi√≥ sus 'cualidades masculinas' https://t.co/0InMBfeLnK,"@usuario Sentirse orgulloso x eso es medio de maric√≥n, no?
porfa, entiendan la iron√≠aüôèüôÑ","El texto critica la expresi√≥n de orgullo de Bolsonaro por parte de Putin y utiliza el t√©rmino ""maric√≥n"" en tono ir√≥nico. La respuesta final es ""lgbti"""
816,As√≠ qued√≥ la iglesia de El Bols√≥n vandalizada por mapuches https://t.co/HX65fLHMmO,@usuario Bueno esos mapuche o son cavern√≠colas o guerrilleros todo lo quieren a los co√±azos,"El texto generaliza y estigmatiza a los mapuches, aludiendo a que son ""cavern√≠colas"" o ""guerrilleros"". La respuesta final es ""racismo"""
253,"Ofelia Fern√°ndez apoy√≥ al Gobierno en la pol√©mica por los presos y apunt√≥ a la Justicia que ""odia a las mujeres"" https://t.co/BD3jgGCOWI","@usuario Que reciba a presos liberados en su casa y les de trabajo en la cueva de su mam√°.
@usuario","El texto alude a las mujeres como objeto de odio y desprecio, y tambi√©n menciona la condici√≥n de presos. La respuesta final es ""mujer, criminal""."
1068,"Alberto Fern√°ndez: ""Las mujeres mueven el mundo, pero algunos hombres las ayudamos a hacerlo"" https://t.co/IwCw2rv5z6 https://t.co/29vnBw04Sv",@usuario Sabr√°s vos de eso ...quien da las √≥rdenes! La vieja conchuda..y vos haces caso ü§¶‚Äç‚ôÇÔ∏èü§£ü§£...no hables m√°s pelotudo...te quemas solo,"El texto se refiere de manera despectiva a las mujeres (vieja, conchuda) y las menosprecia (no hables m√°s pelotudo, te quemas solo). La respuesta final es ""mujer""."
503,Preocupante hallazgo en China: detectaron coronavirus en helados https://t.co/Or3PW5D7Ph,@usuario China me tiene podrido üí£üí£üí£üí£üí£,"El comentario generaliza y muestra rechazo hacia China, sin mencionar ninguna caracter√≠stica protegida. La respuesta final es 'nada'."
881,Nahir Galarza sum√≥ a una abogada feminista a su defensa: ‚ÄúBuscamos un juicio con perspectiva de g√©nero‚Äù https://t.co/78rlZYsx41,@usuario Pero mato al novio!!! Que pretenden?? Hacerla xafar xq es mujer?? Esta conprobado que ella era la violenta ... capas que xafa en este pais,"El texto rechaza la idea de un juicio con perspectiva de g√©nero y sugiere que se est√° favoreciendo a Nahir Galarza por ser mujer. La respuesta final es ""mujer"""
935,"Marcelo Tinelli, entre rumores de romance con Laurita Fern√°ndez y su reconciliaci√≥n con Guillermina Vald√©s https://t.co/WX23HPycpd","@usuario Reconciliate con el Cholo Simeone, Marce. Sal√≠ del armario.","El comentario sugiere que Marcelo Tinelli deber√≠a tener una relaci√≥n rom√°ntica con un hombre, insinuando que podr√≠a ser gay. La respuesta final es ""lgbti""."
409,"‚ÄúF√≠lmame, india horrible‚Äù: as√≠ se refiri√≥ una pareja argentina a vecina de Ciudad de M√©xico por la poda de √°rboles https://t.co/K9sFAt2HKM",@usuario Peguenles una patada en el orrto y que se vengan para Jos√© c paz a quejarse de la poda. Se puede disernir sin discriminar.,"El texto alude de manera despectiva a la mujer como ""india horrible"" y sugiere que se les deber√≠a pegar una patada en el ""orto"", por lo que se refiere a su aspecto y a su condici√≥n de mujer. La respuesta final es ""mujer, aspecto""."
473,"""¬øTanto l√≠o por un virus?"": la indignante respuesta de una mujer que viol√≥ la cuarentena #S√≠Se√±ora!! #ViveEnUnFrascoDeMayonesa?? #MuereGenteEnTodoElMundo #YLaMuyPanchaBoludeandoEnLaCalleConUnaMenor #EncimaSeLaBoqueaALaPolic√≠a #Im√°genesIndignantes!! https://t.co/lPIH8ZcBTe","@usuario Bue a esta hdp hay que negarle el respirador 
Y que los m√©dicos la dejen morir en la vereda 
No merece ni un jonca","El texto alude a la mujer que viol√≥ la cuarentena y sugiere que no merece recibir atenci√≥n m√©dica y deber√≠a morir. La respuesta final es ""mujer""."
35,"La pareja de L√°zaro B√°ez cont√≥ c√≥mo lo esperaba adentro del country: ""Lo que le hicieron fue indignante"" https://t.co/5k4aJTsFq5",@usuario El paskin con la trola,El texto no menciona ninguna caracter√≠stica protegida ni contiene declaraciones de rechazo o enemistad hacia un individuo o grupo. La respuesta final es 'nada'.
969,Joven venezolana denunci√≥ que fue drogada y abusada en una entrevista laboral https://t.co/GU5cjkb1lA https://t.co/gZSoVup5bY,"@usuario ""Una MUJER denunci√≥..."". Que tiene que ver la nacionalidad?","El texto critica el √©nfasis en la nacionalidad de la v√≠ctima en lugar de su condici√≥n de mujer. La respuesta final es ""mujer"""
1038,"Ofelia Fern√°ndez apoy√≥ al Gobierno en la pol√©mica por los presos y apunt√≥ a la Justicia que ""odia a las mujeres"" https://t.co/BD3jgGCOWI",@usuario Est√° gorda cara de gaver que devuelva lo que viene robando desde enero,"El texto alude a su aspecto (gorda) y la desprecia llam√°ndola ""cara de gaver"". Tambi√©n la acusa de robar. La respuesta final es ""mujer, aspecto, pol√≠tica"""
794,Qu√© hubiese pasado en otros pa√≠ses con la mujer que mordi√≥ y arroj√≥ gas pimienta a los polic√≠as en Villa Ballester | Por Mauricio Luna https://t.co/QMbNEQXm5n,@usuario Todavia le estarian dando de palos y encima presaa,"El texto muestra que, en otros pa√≠ses, la mujer mencionada en el contexto estar√≠a recibiendo violencia policial y estar√≠a presa. La respuesta final es ""mujer, criminal""."
7,Su novia es mexicana y Migraciones le exige casi 50 mil pesos para dejarla ingresar a la Argentina | Por Cinthia Ruth https://t.co/dnNHPbdo7m,@usuario Volvieron mejores,"El comentario hace referencia a la nacionalidad mexicana de la novia y utiliza el t√©rmino ""volvieron mejores"" en forma ir√≥nica, lo que implica desaprobaci√≥n o rechazo hacia los mexicanos. La respuesta final es ""racismo""."
986,As√≠ qued√≥ la iglesia de El Bols√≥n vandalizada por mapuches https://t.co/HX65fLHMmO,@usuario Hagan l√≠o dijo el Papa ?,"El comentario hace referencia a los mapuches, que son un pueblo aborigen, y utiliza la frase ""hagan l√≠o"" que se atribuye al Papa Francisco. La respuesta final es ""racismo, pol√≠tica""."
869,China enviar√° nueva ayuda sanitaria a la Argentina para mitigar el impacto del coronavirus | Por Mart√≠n Dinatale https://t.co/VW8Th1oWln,"@usuario Cuidado con eso sr. Presidente, los Chinos no dan nada por nada y si ud no lo sabe, preg√∫ntele a nuestra Reina madre que si sabe.","El comentario alude a la desconfianza hacia los chinos y sugiere que no dar√°n ayuda sin recibir algo a cambio. La respuesta final es ""racismo"""
891,China lanz√≥ una peligrosa venganza por los reportes sobre la eficacia de una de sus vacunas https://t.co/65PypL41wL,"@usuario Son los nefastos amigos de Alberto. Habr√≠a que borrarlos del mapa, son una verdadera peste.","El comentario critica a China y sugiere que habr√≠a que eliminarlos o borrarlos del mapa debido a su supuesta ineficacia en la vacuna. No hace menciones a ninguna de las caracter√≠sticas protegidas. La respuesta final es ""nada""."
671,"Mariana Genesio Pe√±a pasa su cuarentena total con guantes, barbijo y desnuda: ‚ÄúMi cuerpo es el planeta Tierra‚Äù https://t.co/igQITEEaKl","@usuario Ya que se est√° protegiendo tanto, si se pone guantes, que utilice cond√≥n tambi√©n","El texto hace un comentario sexual hacia Mariana Genesio Pe√±a. La respuesta final es ""mujer""."
62,"C√≥mo es la cerveza ""peronista"" que el Chacho Coudet le regal√≥ a Alberto Fern√°ndez https://t.co/8U1hk0FuGS","@usuario Negra 
Barata
Va , En realidas no es negra
Es te√±ida
Pero si la agitas te corta la 9 de julio y pide planes!","El texto se refiere ir√≥nicamente a la cerveza ""peronista"" como ""negra barata"" y hace alusi√≥n a la condici√≥n de beneficiario de planes sociales. La respuesta final es ""pol√≠tica, clase""."
596,üò±[¬°SORPRESA!]üò± ¬øMore Rial encontr√≥ el amor en un personal trainer? &gt;&gt;&gt; La medi√°tica comparti√≥ una transmisi√≥n en vivo con un apuesto entrenador personal donde se mostraron muy √≠ntimos. ¬°Mir√° el video! https://t.co/awXwWic01Q,@usuario Hay que comerse al termotanque de lipidos,"El comentario hace referencia a la apariencia f√≠sica del personal trainer y lo objeta de manera despectiva. La respuesta final es ""aspecto""."
784,El in√©dito cruce entre la China Su√°rez y Nancy Pazos por el jubilado de Quilmes https://t.co/rPv5ybYwxG https://t.co/Zi31jyVYVI,"@usuario Una me calienta por lo sensual y hermosa, la otra por lo surda y demagoga.",El texto alude a la sensualidad y belleza de una persona y a su inteligencia (o falta de la misma). No hace menci√≥n a ninguna caracter√≠stica protegida. La respuesta final es 'nada'.
501,"En medio de la cuarentena por el coronavirus, el Gobierno avanza con un impuesto a los abonos de Netflix https://t.co/giB8KkDpa2","@usuario ESTE T√çTERE ES LO M√ÅS HDRMP....TODAV√çA QUE MANTENEMOS A SUS PAR√ÅSITOS K Y PLANEROS QUIERE SACARNOS M√ÅS PLATA....
TITERE CON YEGUA LINDA JUNTA!!!","El texto contiene insultos hacia el Gobierno y menciona a una ""yegua linda"", lo cual podr√≠a ser una referencia a Cristina Kirchner, pero no se especifica ninguna caracter√≠stica protegida. La respuesta final es 'nada'."
103,El Presidente posterg√≥ el env√≠o de la ley de aborto al Congreso por la pandemia de coronavirus https://t.co/PwG52mmUlP,@usuario Feministas defensores de chorros,"El texto se refiere despectivamente a las feministas y los relaciona con los delincuentes (""chorros""). La respuesta final es ""mujer, criminal""."
229,As√≠ qued√≥ la iglesia de El Bols√≥n vandalizada por mapuches https://t.co/HX65fLHMmO,@usuario Todos sabemos que no fueron mapuches,"El texto generaliza y acusa injustamente a los mapuches por el vandalismo. La respuesta final es ""racismo"""
491,Coronavirus: el duro insulto de Claudio Zin contra Ofelia Fern√°ndez en la radio https://t.co/W0xcjmSdi2 https://t.co/tLSj8Bt9Nv,"@usuario Dijo la verdad!  Tanto duele? C√≥mo puede ser que un cient√≠fico gane una suma irrisoria y la energ√∫mena esa, gnomo , homofobica y zurda gane 5 veces m√°s y tenga un presupuesto de un mill√≥n en asesores? S√≥lo en este pa√≠s de mierda","El texto insulta a Ofelia Fern√°ndez haciendo menci√≥n a su aspecto f√≠sico (gnomo), su postura pol√≠tica (zurda) y su orientaci√≥n sexual (homof√≥bica). Adem√°s, menciona la diferencia salarial con un cient√≠fico y cuestiona el presupuesto de asesores que tiene. La respuesta final es ""aspecto, pol√≠tica, lgbti"""
306,Xi Jinping prometi√≥ que las vacunas desarrolladas en China contra el coronavirus estar√°n disponibles como ‚Äúbien p√∫blico global‚Äù https://t.co/ZWCZray2Wo,@usuario Metete la ‚Äúvacuna‚Äù en el orto hijo de puta,"El texto contiene un insulto hacia Xi Jinping (hijo de puta), pero no hace menci√≥n a las caracter√≠sticas protegidas. La respuesta final es 'nada'."
321,As√≠ luce el actor Elliot Page tras declararse trans https://t.co/yeTGhw6ooT,@usuario Y cual es el cambio? no se maquilla mas? anda todo el d√≠a escondidE con capuchas? cual es el cambio? la barba el bigote??? dejate de joder esto es un fetiche no mas.,"El texto cuestiona y critica la transici√≥n de Elliot Page, insinuando que es solo un fetiche. La respuesta final es ""lgbti"""
386,"Macabro hallazgo en China: 4.000 perros, gatos y otros animales muertos dentro de cajas en un dep√≥sito https://t.co/rUeDlGGdhj",@usuario Que Masacre Dios .... La sociedad china es la m√°s cruel  que existe en relaci√≥n al trato animal . El resto del mundo deber√≠amos repudiar actos como estos ....  Que Dios  reciba a esas 4000 almas üòøüê∞üê∂ üôèüèΩüôåüèΩ,El comentario critica el trato animal en China y repudia los actos de maltrato. No menciona ninguna caracter√≠stica protegida. La respuesta final es 'nada'.
228,"Elizabeth G√≥mez Alcorta: ‚ÄúPor la pandemia, vamos a tener una suba de los femicidios y travesticidios‚Äù | Por Luciana Peker https://t.co/OGEL4INojA","@usuario Trasvescidios? ü§î

 Por la cercan√≠a del verano vamos a ver un aumento en la tasa de los mosquicidios","El comentario hace una burla e iron√≠a acerca de los travesticidios, sin hacer menci√≥n al movimiento feminista ni a las mujeres en general. La respuesta final es 'nada'."
433,"Coronavirus en China: la fiesta ""de la carne de perro"" en Yul√≠n, cada vez m√°s cuestionada https://t.co/tgAEKbLG5q",@usuario Son unos hdp,"El comentario es una abreviatura de ""hijos de puta"" pero no menciona ninguna caracter√≠stica protegida. La respuesta final es 'nada'."
848,"C√≥mo es la cerveza ""peronista"" que el Chacho Coudet le regal√≥ a Alberto Fern√°ndez https://t.co/8U1hk0FuGS","@usuario NEGRA, BIEN NEGRA, COMO EL PERONISMO","El texto hace una referencia al color de la cerveza y al peronismo, pero sin usar ning√∫n lenguaje ofensivo ni expresar rechazo o aborrecimiento hacia un individuo o grupo con caracter√≠sticas protegidas. La respuesta final es 'nada'."
424,"#VIDEO Manose√≥ a una mujer en la calle, fue denunciado y cay√≥ por las c√°maras de seguridad #Cr√≥nicaPoliciales #DegeneradoAtac√≥AUnaMujer #Im√°genesIndignantes https://t.co/NqcbiEumg5",@usuario Porqu√© querr√≠a alguien tocarle el trasero a una muchacha? Debe tener tantos bichos!,"El texto desprecia a la mujer, atribuy√©ndole una supuesta falta de higiene o enfermedades sexuales. La respuesta final es ""mujer, aspecto""."
557,"Elizabeth G√≥mez Alcorta: ‚ÄúPor la pandemia, vamos a tener una suba de los femicidios y travesticidios‚Äù | Por Luciana Peker https://t.co/OGEL4INojA",@usuario Travesticidios = homicidios,"El texto equipara los travesticidios con los homicidios, minimizando y negando la violencia espec√≠fica que sufren las personas travestis. La respuesta final es ""lgbti""."
305,La pregunta billonaria: ¬øChina deber√≠a pagar el costo de la pandemia? https://t.co/Ld5Ri2LxNj https://t.co/b1lFCr1BqZ,@usuario Estoy mirado desde ac√° y se ve unos mil trescientos millones de chinos cagandose de risa,"El comentario se refiere a los chinos burl√°ndose de la situaci√≥n de la pandemia. La respuesta final es ""racismo""."
1097,"China alert√≥ sobre brote de peste bub√≥nica pero la OMS no lo considera de ""alto riesgo""
https://t.co/T2bps0Cm1l",@usuario Bombardeen ese pais de mierda de una buena vez,"El texto incita a la violencia y al bombardeo de un pa√≠s (China). La respuesta final es ""nada""."
398,Cient√≠ficos identificaron en China otro virus respiratorio‚Äúcon potencial para convertirse en pandemia‚Äù https://t.co/TQYuvSXqrT,@usuario Es hora de destruir china... env√≠en peronistas,"El texto alude a la destrucci√≥n de China y sugiere enviar peronistas, en un tono despectivo hacia ambos. Sin embargo, no menciona ninguna de las caracter√≠sticas protegidas. La respuesta final es ""nada""."
236,üò±[¬°SORPRESA!]üò± ¬øMore Rial encontr√≥ el amor en un personal trainer? &gt;&gt;&gt; La medi√°tica comparti√≥ una transmisi√≥n en vivo con un apuesto entrenador personal donde se mostraron muy √≠ntimos. ¬°Mir√° el video! https://t.co/awXwWic01Q,@usuario Bien entrenado hay que estar para levantarse al hipop√≥tamo,"El comentario se refiere a la apariencia de More Rial y la insulta llam√°ndola hipop√≥tamo. La respuesta final es ""aspecto"""
334,"Descontrol en A√±o Nuevo: sin tapabocas ni distancia social, miles de j√≥venes festejaron en parques y plazas de CABA https://t.co/t8gbsOVBbk",@usuario Dejen de joder con estas notas si??? No los vi publicando algo as√≠ con la marcha de las verdes y celestes. Mucho menos en el funeral del futbolista drogadicto... H√°ganse ortear,"El texto critica a los medios de comunicaci√≥n por no publicar notas relacionadas con las marchas feministas y el funeral de un futbolista drogadicto. Termina con un insulto. La respuesta final es ""pol√≠tica, criminal"""
920,¬øSe va del pa√≠s? Juana Viale estar√≠a tramitando la ciudadan√≠a uruguaya https://t.co/njmHVCGiua https://t.co/PvnSHpU21E,@usuario Sos puto humo,"El comentario utiliza la expresi√≥n ""puto"" de manera peyorativa. La respuesta final es ""lgbti""."
724,"El desesperado pedido de Actrices Argentinas ante la violencia de g√©nero en cuarentena: ""Es urgente"" https://t.co/ARA0WcCFw3",@usuario @usuario hagance cargo..feminista votaron por cfk y alberto...y todav√≠a reclaman,"El texto critica a las feministas y las responsabiliza por haber votado a CFK y a Alberto. La respuesta final es ""mujer, pol√≠tica"""
6,Graciana Pe√±afort: ‚ÄúLa marcha me dio mucha pena y tuvo un nivel de convocatoria menor al esperado‚Äù https://t.co/sPiBqGmFIg,@usuario Ch√∫pame la japi gorda mamerta,"El texto contiene insultos hacia Graciana Pe√±afort, pero no menciona ninguna caracter√≠stica protegida. La respuesta final es 'nada'."
173,Banderazo sin distancia social en apoyo a Alberto Fern√°ndez en la Quinta de Olivos https://t.co/XmoNMEK0cP,@usuario Chorrea la grasa,"El comentario hace referencia a la grasa, que puede aludir a una caracter√≠stica f√≠sica negativa. La respuesta final es ""aspecto""."
131,Una nena wichi de dos a√±os muri√≥ por desnutrici√≥n en Salta https://t.co/xemWPmsg9J,@usuario Que hizo la defensora del ni√±o Graham? Que hacen las feministas por evitar la muerte de mujeres y ni√±as por hambre? Solo piensan en seguir matando con el aborto? Basta de relato y cuiden a las mujeres y a todos los argentinos,"El texto critica a las feministas por no hacer nada para evitar la muerte de mujeres y ni√±as por hambre, y por solo pensar en el aborto. La respuesta final es ""mujer"""
636,"Alberto Fern√°ndez: ""Es imperdonable que haya indocumentados en Argentina "" https://t.co/DDrigPlNxZ https://t.co/r6BquV2RBu","@usuario Ser√°n para los ""hermanos"" extranjeros  pooobreeess","El texto alude a los extranjeros como ""hermanos"" en tono ir√≥nico, insinuando que los considera una carga para el pa√≠s. La respuesta final es ""racismo, pol√≠tica"""
407,La sorprendente jura de una egresada universitaria: tach√≥ Patria y puso Matria https://t.co/NjgZVVQJ2y https://t.co/txZNslH8N1,"@usuario No sabe que Patria es femenino  LA PATRIA,  SE RECIBI√ì DE IGNORANTE, SE ROBO EL TITULO COMO TODO KISNERISTAAAA","El texto insulta y descalifica a la egresada universitaria. La respuesta final es 'mujer, pol√≠tica'."
159,"‚ÄúComemurci√©lagos‚Äù y ‚Äúfabricantes de virus"": la ira de una estrella del rock contra China por la pandemia de coronavirus https://t.co/hxQH8AJyFX","@usuario El vurus es Chino porque vino de China.
Fin.",El texto no contiene declaraciones de odio ni ninguna menci√≥n a las caracter√≠sticas protegidas. La respuesta final es 'nada'.
963,Joe Biden present√≥ su nuevo equipo de comunicaci√≥n compuesto enteramente por mujeres https://t.co/8Pla4Vxxkw,@usuario Agenda globalista y feminismo...,"El texto critica el feminismo y lo asocia con una agenda globalista. La respuesta final es ""mujer, pol√≠tica"""
529,Una investigaci√≥n afirma que el r√©gimen chino ocult√≥ al menos 40 mil muertes por coronavirus en Wuhan: ‚ÄúLa cifra real s√≥lo la saben ellos‚Äù https://t.co/Q68Z3q9Pvq,@usuario Obvio. Sumale a la medica china que la desaparecieron.,"El texto menciona a una m√©dica china que desaparecieron, lo cual puede ser interpretado como un comentario negativo hacia los chinos. La respuesta final es ""racismo"""
709,Nahir Galarza sum√≥ a una abogada feminista a su defensa: ‚ÄúBuscamos un juicio con perspectiva de g√©nero‚Äù https://t.co/78rlZYsx41,@usuario Las mujeres tienen derecho a matar?,"El texto cuestiona el derecho de las mujeres a matar, lo cual es contrario a la perspectiva de g√©nero y podr√≠a considerarse un discurso de odio contra las mujeres. La respuesta final es ""mujer"""
479,√öltima encuesta: ¬øQu√© mujer super√≥ a Alberto Fern√°ndez en imagen positiva? https://t.co/LtXtx1gqqR https://t.co/Fve05cJa36,@usuario PERO NO ES UNA MUJER ESO ES MACRI DIOS YA NI SABEN DISTINGUIR CONTRATEN EDITORES DE NUEVO,"El texto critica que se considere como mujer a Alberto Fern√°ndez, haciendo referencia a su identidad de g√©nero y cuestionando su distinci√≥n de Macri. La respuesta final es ""mujer, pol√≠tica""."
767,"""Te amo "". La emotiva dedicatoria de Luis Novaresio a su pareja en su cumplea√±os https://t.co/Hh63kaVA5U https://t.co/vNaUBjBkzx",@usuario En p√∫blico?,"El comentario pregunta si la dedicatoria se har√° en p√∫blico, pero no contiene ning√∫n discurso de odio. La respuesta final es 'nada'."
1073,"Sergio Berni advierte que la inseguridad seguir√° creciendo ""porque la crisis es igual o peor que la del 2001"" https://t.co/EWz1upuy1b",@usuario Viejo puto cag√≥n . Ojal√° te maten forro,"El texto es un insulto y una amenaza al funcionario mencionado, pero no hace referencia a ninguna de las caracter√≠sticas protegidas mencionadas. La respuesta final es 'nada'."
416,Brit√°nica lleg√≥ a Per√∫ por 10 d√≠as y se qued√≥ por amor: vive sin agua potable y entre insectos #AMiNoMeImportaElDinero #TengoLoQueYoM√°sQuieroAMiLado #ElAmorLeGanaATodo? #Conoc√©LaHistoria!!! https://t.co/1AvKrD7OJb,@usuario La peruana en pura! All√° llega muy cortada!!!,"El texto alude a la nacionalidad peruana como algo negativo y los estereotipa como ""muy cortados"". La respuesta final es ""racismo"""
314,Jair Bolsonaro se mostr√≥ orgulloso porque Vladimir Putin elogi√≥ sus 'cualidades masculinas' https://t.co/0InMBfeLnK,"@usuario Halago entre ""mataputos"", entendible.","El texto hace referencia a un halago en el contexto de ""mataputos"", lo cual podr√≠a aludir a la homosexualidad de manera despectiva. La respuesta final es ""lgbti""."
382,"Un estudio dice que el COVID-19 ya circulaba en Italia en septiembre de 2019, mucho antes de que China reconociera la existencia del virus https://t.co/gy6A7pI5jv","@usuario Supongo que muchos chinos contratados para obras en algunas regiones de Italia ese a√±o , contribuyeron a esparcir el virus.","El texto menciona a los chinos como posibles responsables de esparcir el virus. La respuesta final es ""racismo"""
340,Pidieron la detenci√≥n de la mujer que viol√≥ la cuarentena y les arroj√≥ gas pimienta a los polic√≠as https://t.co/AZbjg9ug46,@usuario excedida en l√≠pidos tenia que ser para andar resentida social por el mundo,"El texto alude al aspecto de la mujer (excedida en l√≠pidos) y la acusa de estar resentida socialmente. La respuesta final es ""aspecto, discapacidad"""
976,La aberrante arenga machista que dio el preparador f√≠sico de G√ºemes de Santiago del Estero https://t.co/xmV5xrlu9x,"@usuario dejen de mariconear 
pelotudos inviables","El comentario utiliza un lenguaje vulgar y critica a personas por ""mariconear"", lo cual alude a la homosexualidad de manera derogatoria. La respuesta final es ""lgbti""."
44,El PAMI tendr√° que pagar una cirug√≠a para agrandar los pechos de una afiliada autopercibida mujer | Por Patricia Blanco https://t.co/IObp8ZBnxq,@usuario Esta con todo el Lobby LGBT Pol√≠tico y la subordinaci√≥n de parte de la clase pol√≠tica a los delirios de los PosMarxistas y todavia hay personas que dicen que no tiene nada que ver con el Marxismo Cultural.,"El texto critica el hecho de que el PAMI tenga que financiar una cirug√≠a de agrandamiento de pechos para una mujer trans. Adem√°s, menciona al colectivo lgbti y critica a la clase pol√≠tica por supuestamente subordinarse a los ""delirios"" de los posmarxistas. La respuesta final es ""lgbti, pol√≠tica"""
813,"El exabrupto de Jair Bolsonaro sobre Brasil y el Covid-19: ""Tienen que dejar de ser un pa√≠s de maricas"" https://t.co/WtxRjY7tJp",@usuario TERRIBLE INUNDACI√ìN EN BRASIL POR EXCESO DE L√ÅGRIMAS PROGRES.,"El texto utiliza la expresi√≥n ""pa√≠s de maricas"" para referirse de manera negativa a Brasil, y se burla de los ""progres"". La respuesta final es ""lgbti, pol√≠tica""."
163,Mara G√≥mez: la historia de la primera futbolista trans en el torneo argentino https://t.co/rBx3pMPUbB https://t.co/l5I1j0xFku,@usuario A romper piernas muchacho,El texto no contiene ning√∫n discurso de odio. La respuesta final es 'nada'.
377,Brit√°nica lleg√≥ a Per√∫ por 10 d√≠as y se qued√≥ por amor: vive sin agua potable y entre insectos #AMiNoMeImportaElDinero #TengoLoQueYoM√°sQuieroAMiLado #ElAmorLeGanaATodo? #Conoc√©LaHistoria!!! https://t.co/1AvKrD7OJb,"@usuario En Inglaterra son todos gay y drogadictos.. 

Por eso dijo que prefiere los mosquitos!!üôÑüòÇüòÇüòÇ","El texto generaliza y estigmatiza a los ingleses aludiendo a su orientaci√≥n sexual y su consumo de drogas. La respuesta final es ""lgbti, aspecto"""
876,Xi Jinping dijo que la recuperaci√≥n econ√≥mica de la pandemia es muy inestable: ‚ÄúEl mundo no volver√° a ser lo que fue‚Äù https://t.co/MWu9lqCORj,@usuario Gracias a nuestro laboratoriobpor crear el v√≠  rus somos los due√±os del mundo,"El texto hace referencia a los chinos como creadores del virus y los acusa de ser los ""due√±os del mundo"". La respuesta final es ""racismo""."
654,‚Ä≥¬øPor qu√© un beso entre dos hombres los vuelve tan violentos?‚Äù: la vida despu√©s de haber sido v√≠ctima de ataques homof√≥bicos | Por Milton Del Moral https://t.co/MgHNMf8Sch,@usuario Por la misma raz√≥n que uno quiere caminar sin pisar soretes,"El comentario realiza una comparaci√≥n entre los hombres que se besan y los excrementos, insinuando que ambos son repugnantes. Aunque no menciona directamente la homosexualidad, se puede interpretar como una cr√≠tica hacia las relaciones homosexuales. La respuesta final es ""lgbti""."
1124,"Alicia Castro le pide al Gobierno que ""no conf√≠e"" en la vacuna de Oxford para el coronavirus y pruebe ""la rusa, china y cubana"" https://t.co/VSnhIDeWSj",@usuario Otra yegua.,"El texto alude a Alicia Castro como ""yegua"". La respuesta final es ""mujer""."
181,"Cont√≥ que era lesbiana, su pap√° le confes√≥ que era gay y ahora su madre se enamor√≥ de una mujer, lo que inspir√≥ su segundo film | Por Hugo Martin
https://t.co/dt3NtrVJIW","@usuario Los comentarios dios, est√°n todos en el closet  odiando a la comunidad","El texto alude a que aquellos que hacen comentarios negativos hacia la comunidad LGBTQ+ est√°n en el closet. La respuesta final es ""lgbti"""
460,El PAMI tendr√° que pagar una cirug√≠a para agrandar los pechos de una afiliada autopercibida mujer | Por Patricia Blanco https://t.co/IObp8ZBnxq,"@usuario Nada me sobrepende de Zurdolandia, pero me llama la atencion que el jubilado tenga 44 a√±os.","El comentario critica a la persona mencionada por identificarse como mujer y ser jubilada a los 44 a√±os. La respuesta final es ""mujer, edad"""
222,"‚ÄúF√≠lmame, india horrible‚Äù: as√≠ se refiri√≥ una pareja argentina a vecina de Ciudad de M√©xico por la poda de √°rboles https://t.co/K9sFAt2HKM",@usuario que los expulsen Racistas asquerosos,"El texto critica a la pareja argentina por su actitud racista. La respuesta final es ""racismo""."
539,‚Äú¬øPor qu√© no vemos m√©dicos trans?‚Äù: el reclamo de un prestigioso cardi√≥logo para que Am√©rica sea m√°s inclusiva | Por Valeria Rom√°n https://t.co/19put40QqT,"@usuario Porque se escuenden, dir√≠an los pibis","El texto hace referencia a que los m√©dicos trans ""se esconden"". Aunque no es un discurso de odio expl√≠cito, puede ser considerado como una expresi√≥n de enemistad o rechazo hacia las personas trans. Por lo tanto, la respuesta final es ""lgbti""."
656,Coronavirus en la Argentina: El Presidente recibi√≥ a las organizaciones sociales y prometi√≥ fondos para la econom√≠a popular https://t.co/0P6jMH5BWB https://t.co/f85vCTGcLx,"@usuario Econom√≠a popular: trabajadores en negro, explotados y vagos planeros subsidiados hace 18 a√±os.","El texto se refiere a las personas que forman parte de la econom√≠a popular como trabajadores en negro, explotados, vagos y planeros subsidiados. La respuesta final es ""clase""."
44,China: identificaron otro virus ‚Äúcon potencial para convertirse en pandemia‚Äù #NuevoVirus #China #TransportadoPorCerdos #Podr√≠aInfectarAHumanos #LasActualesVacunasPodr√≠anAdaptarse #M√°sEnLaNota https://t.co/PfFGNEhY1O,@usuario Domo en China (?),"El comentario hace referencia a una expresi√≥n utilizada en el anime japonesa para decir ""Estoy entendiendo"" o ""Entendido"". No hay discurso de odio en este caso. La respuesta final es ""nada""."
1031,Comunicado: los intendentes radicales de Formosa respaldaron a Insfr√°n https://t.co/C3fGO4hrGk https://t.co/y97D4nZzp4,@usuario Esclavos ...,"El mensaje utiliza el t√©rmino ""esclavos"" para referirse a los intendentes radicales de Formosa, lo cual implica una discriminaci√≥n y un menosprecio hacia ellos. La respuesta final es ""racismo""."
11,Qu√© hubiese pasado en otros pa√≠ses con la mujer que mordi√≥ y arroj√≥ gas pimienta a los polic√≠as en Villa Ballester | Por Mauricio Luna https://t.co/QMbNEQXm5n,@usuario Balazo en la nuca.,"El texto hace una sugerencia violenta y amenazante hacia la mujer que cometi√≥ el acto mencionado en el contexto. La respuesta final es ""mujer"""
569,Los fans de Florencia Kirchner le piden casamiento por Instagram https://t.co/t0zMcHf8g8 https://t.co/D7wG8EDOBi,@usuario Hdp tienen que tener estomago para querer casarse con terrible adefesio,"El texto se refiere a Florencia Kirchner de manera despectiva, aludiendo a su apariencia f√≠sica (adefesio). La respuesta final es ""aspecto"""
102,"""Te amo "". La emotiva dedicatoria de Luis Novaresio a su pareja en su cumplea√±os https://t.co/Hh63kaVA5U https://t.co/vNaUBjBkzx",@usuario Asco dan.,"El texto expresa una opini√≥n negativa sobre la relaci√≥n de Novaresio con su pareja, pero no utiliza ninguna caracter√≠stica protegida como motivo de odio. La respuesta final es 'nada'."
154,"Macabro hallazgo en China: 4.000 perros, gatos y otros animales muertos dentro de cajas en un dep√≥sito https://t.co/rUeDlGGdhj",@usuario @usuario No quiero tener nada que ver con esta gente...üò¢üò¢üò¢,"El comentario expresa rechazo hacia ""esta gente"", sin especificar a qui√©nes se refiere. No se mencionan caracter√≠sticas protegidas. La respuesta final es 'nada'."
296,C√≥mo funciona la violencia machista en las redes sociales: el caso de las mujeres que participan en pol√≠tica https://t.co/8XIDc4eODU,"@usuario creo que el que sabe del mucho del tema es Alberto F., con solo ver sus twits hace un a√±o atras podemos ver que es la violencia machista en twitter","El comentario acusa a Alberto F. de ser machista. La respuesta final es ""mujer, pol√≠tica"""
887,"Cont√≥ que era lesbiana, su pap√° le confes√≥ que era gay y ahora su madre se enamor√≥ de una mujer, lo que inspir√≥ su segundo film | Por Hugo Martin
https://t.co/dt3NtrVJIW",@usuario Alta org√≠a,"El comentario hace referencia a una situaci√≥n relacionada con personas LGBTI, pero no contiene un discurso de odio espec√≠fico. La respuesta final es ""lgbti""."
244,Multitudes en las calles y discotecas abarrotadas: la fiesta de Wuhan tras el a√±o de la pandemia que se inici√≥ en uno de sus ‚Äúmercados h√∫medos‚Äù https://t.co/Sm5M3iUPKw,@usuario Globos NEGROS deber√≠an ser !,"El comentario alude al color de piel de las personas en las fiestas de Wuhan. La respuesta final es ""racismo""."
335,Luis Novaresio se comprometi√≥ con Braulio Bauab: ‚ÄúEstamos felices‚Äù https://t.co/9TxObocon2,"@usuario Pero que importante!!!! P.D. al Braulio le entro. Volviendo, q es el 9 de julio?","El texto hace un comentario sobre la orientaci√≥n sexual de una persona (Braulio), insinuando que el hablante tambi√©n se siente atra√≠do por √©l. La respuesta final es ""lgbti""."
882,"Graciela Cama√±o: ""No hay conducci√≥n bifronte, la gesti√≥n la conduce Cristina Kirchner""

""Me considero una diputada opositora, no estoy conforme con la dirigencia pol√≠tica, porque se ha perdido mucho nivel con los a√±os"", dijo la legisladora.

https://t.co/3gT0n2GpGu","@usuario Gracielita, si no te gusta andate a Haiti.","El texto alude a su nombre (Gracielita) y le sugiere que se vaya a Hait√≠, lo cual entendemos como un insulto relacionado a su nacionalidad. La respuesta final es ""racismo"""
880,"Andrea del Boca, Thelma Fardin y Leonor Benedetto se ponen el la piel de las ""mujeres inmortales"" de la Argentina https://t.co/rPgVEa79ym https://t.co/vTItMuKyLh","@usuario Estas actrices kirchneristas estan a la altura de encarnar a Eva,Cristina,y Donda....NO LES DA EL CUERO PARA INTERPRETAR A LAS SOBRESALIENTES MUJERES ARGENTINAS.","El texto critica las habilidades actrices kirchneristas para interpretar a las ""sobresalientes mujeres argentinas"", insinuando que no est√°n a la altura. La respuesta final es ""mujer, pol√≠tica"""
753,Tensi√≥n en Villa Mascardi: mapuches resisten el desalojo de un predio usurpado https://t.co/8X6nnuOh21,@usuario PRESOS YA. Basta de terrorismo!!!!!!!,"El texto pide que los mapuches sean presos y se refiere a sus acciones como terrorismo. La respuesta final es ""criminal"""
886,"Coronavirus en Argentina: Tras los contactos entre Xi Jinping y Alberto Fern√°ndez, Aerol√≠neas Argentinas volar√° a China para traer una carga de insumos https://t.co/YLYJbzURE6","@usuario Ellos (chinos) se la mandan , y ahora la quieren arreglar.","El texto hace una generalizaci√≥n negativa hacia los chinos, aludiendo a que ellos causaron la situaci√≥n del COVID-19 y ahora tratan de solucionarla. La respuesta final es ""racismo""."
139,Preocupante hallazgo en China: detectaron coronavirus en helados https://t.co/Or3PW5D7Ph,@usuario Ser√°n gusto a murci√©lago?,"El comentario hace referencia a la comida china y relaciona el helado con el murci√©lago, que se considera la posible fuente de origen del coronavirus. La respuesta final es ""racismo""."
128,"Macabro hallazgo en China: 4.000 perros, gatos y otros animales muertos dentro de cajas en un dep√≥sito https://t.co/rUeDlGGdhj",@usuario Cuando se extinguen esos hdps?,"El texto hace referencia a los animales de China y utiliza un lenguaje ofensivo al llamar ""hdps"" a los responsables de su muerte. Sin embargo, no se dirige a ninguna caracter√≠stica protegida. La respuesta final es ""nada""."
866,"Beatriz Sarlo: ""Me equivoqu√© con Cristina Kirchner y Alberto Fern√°ndez"" https://t.co/ACw8PTuCq2 https://t.co/sbo1b6ez6t","@usuario Que mujer  desagradable y despreciable que sos. 
Como pudiste llegar al pedestal de "" intelectual"". Mamita querida. Tus an√°lisis son como los de la vieja b de rulerosbquebvivebenfrente de mi casa!","El mensaje se refiere de manera despectiva a la mujer (Beatriz Sarlo) y utiliza insultos y descalificaciones. La respuesta final es ""mujer""."
549,Coronavirus: Florencia Kirchner comparti√≥ una curiosa reflexi√≥n sobre la cuarentena https://t.co/0nI5GKR1NL https://t.co/8KSATPqhFK,@usuario Devolve la plata bicho canasto! Que si mamita no fuera quien es estar√≠as pagando badoo premium a ver si alg√∫n ciego te toca y laburando vendiendo productos a domicilio,"El texto se refiere a Florencia Kirchner de manera despectiva, pero no menciona ninguna caracter√≠stica protegida. La respuesta final es 'nada'."
66,"‚ÄúMica‚Äù y ‚ÄúMaru‚Äù, las viudas negras de WhatsApp que drogaron a un empresario y le robaron m√°s de 70 mil d√≥lares | Por Mart√≠n Candalaft https://t.co/OpRPN3zxco",@usuario Jajaja se quiso enfiestar a las suripantas y lo dejaron en bolas,"El texto se refiere a las mujeres como ""suripantas"", lo cual es un insulto y alude a su condici√≥n de mujeres. La respuesta final es ""mujer""."
899,China enviar√° nueva ayuda sanitaria a la Argentina para mitigar el impacto del coronavirus | Por Mart√≠n Dinatale https://t.co/VW8Th1oWln,@usuario No. Gracias. Qu√©dense con su virus del orto y su poblaci√≥n tambi√©n üò°,"El texto expresa rechazo hacia la poblaci√≥n china y hacia el virus, pero no menciona ninguna caracter√≠stica protegida. La respuesta final es 'nada'."
388,El Presidente posterg√≥ el env√≠o de la ley de aborto al Congreso por la pandemia de coronavirus https://t.co/PwG52mmUlP,@usuario jaaaa lloren radfems!,"El mensaje utiliza un tono burl√≥n y se dirige a las radfems (feministas radicales). Aunque puede considerarse un comentario despectivo, no llega a ser un discurso de odio intenso y no se dirige a ninguna de las caracter√≠sticas protegidas mencionadas. La respuesta final es 'nada'."
1114,Xi Jinping prometi√≥ que las vacunas desarrolladas en China contra el coronavirus estar√°n disponibles como ‚Äúbien p√∫blico global‚Äù https://t.co/ZWCZray2Wo,@usuario M√°s te vale que hagan 2x1 tus ciudadanos de mi barrio.,"El comentario alude a los ciudadanos de China, insinuando que son falsificadores. La respuesta final es ""racismo"""
643,Escocia ser√° el primer pa√≠s del mundo que proveer√° gratis a todas las mujeres tampones y toallas femeninas https://t.co/TTUWCHBxmM,@usuario Gratis?. Ya parecen peronistas,"El texto critica la medida de proveer tampones y toallas femeninas de forma gratuita, compar√°ndola con el peronismo. La respuesta final es ""mujer, pol√≠tica"""
357,"El desesperado pedido de Actrices Argentinas ante la violencia de g√©nero en cuarentena: ""Es urgente"" https://t.co/ARA0WcCFw3","@usuario A estas minas les van muy bien los barbijos. Para algunas, les sirve de tapafaltas!!!","El texto hace un comentario despectivo hacia las mujeres, aludiendo a que utilizan los barbijos para ocultar sus faltas o errores. La respuesta final es ""mujer""."
298,El dardo del Beto Alonso a Mauricio Macri: ‚ÄúDebe haber ido a Paraguay a pedir los puntos de la final de Madrid‚Äù https://t.co/XUpXkvQjiI,"@usuario √âste es el sr al encontraron en el vestuario con la pij4 de un compa√±ero en su boca? .... Hasta un nieto lo llam√≥ ""fifi""","El texto alude a la orientaci√≥n sexual del presidente Macri, acus√°ndolo de tener relaciones sexuales con otro hombre. La respuesta final es ""lgbti""."
1023,Coronavirus en Argentina: el 70% de los casos son en hombres https://t.co/f4OXwC4wtl,@usuario Es un virus feminista.,"El texto alude al virus como ""feminista"", lo cual es una afirmaci√≥n irracional e intensa. La respuesta final es ""mujer""."
961,Escocia ser√° el primer pa√≠s del mundo que proveer√° gratis a todas las mujeres tampones y toallas femeninas https://t.co/TTUWCHBxmM,"@usuario Estos kirchneristas de pollera se piensan que todo es gratis, que sigue? Whisky para todos?","El texto critica a los kirchneristas y los asocia con el estereotipo de mujeres que usan pollera, y se burla de la idea de proveer tampones y toallas femeninas de forma gratuita. La respuesta final es ""mujer, pol√≠tica"""
730,Axel Kicillof eval√∫a endurecer los controles a los porte√±os que se desplacen hacia la provincia de Buenos Aires | Por Mart√≠n Dinatale https://t.co/9DJmYHn6vh,"@usuario Que lindo !
Alguien tenia q tirar la primera piedra .
.
Ahora solo falta llamar a Trump para q nos construya el muro.

Pero bueno, vamos a terminar con la grieta","El texto se refiere a los porte√±os de manera despectiva y hace menci√≥n a la construcci√≥n de un muro, lo cual remite al discurso de odio contra inmigrantes y xenofobia. Tambi√©n menciona la grieta pol√≠tica. La respuesta final es ""racismo, pol√≠tica""."
264,"Mayra Mendoza: ‚ÄúPromover que la gente salga a la calle y celebrar me parece una actitud muy miserable, ego√≠sta e irresponsable‚Äù | Por Mariana Dahbar https://t.co/2OJRkPIDVz","@usuario El conurbano entero, incluido los simios que la votaron,se le caga de risa.","El comentario insulta a los votantes de Mayra Mendoza llam√°ndolos ""simios"". La respuesta final es ""racismo"""
1072,Xi Jinping prometi√≥ que las vacunas desarrolladas en China contra el coronavirus estar√°n disponibles como ‚Äúbien p√∫blico global‚Äù https://t.co/ZWCZray2Wo,"@usuario Ser√†n otro cuento chino? Milenaria es la fama, bien ganada","El comentario utiliza la expresi√≥n ""cuento chino"" de manera peyorativa, lo cual alude a los chinos y su cultura. La respuesta final es ""racismo""."
907,Evo Morales asegur√≥ desde Buenos Aires que Luis Arce gan√≥ las elecciones en Bolivia https://t.co/puEDB1K5IQ,@usuario Mejor. Ahora que se vuelva a Bolivia que ya demasiados delincuentes mantenemos ac√°,"El texto se refiere a Evo Morales como un delincuente y propone que regrese a Bolivia. La respuesta final es ""pol√≠tica, criminal"""
489,"Andrea del Boca, Thelma Fardin y Leonor Benedetto se ponen el la piel de las ""mujeres inmortales"" de la Argentina https://t.co/rPgVEa79ym https://t.co/vTItMuKyLh",@usuario Qu√© verg√ºenza la puta madreeeee y con nuestra plata.,"El comentario critica a las actrices mencionadas y utiliza el t√©rmino ""puta"". La respuesta final es ""mujer""."
312,"Es hija de chinos, llev√≥ merienda al colegio para compartir y se la rechazaron por temor a contagiarse de coronavirus https://t.co/9qLjmqBwNn",@usuario Pobrecita no soy racista pero hay q cuidar todo pero duele‚ù§‚ù§‚ù§‚ù§‚ù§‚ù§,"El comentario expresa una actitud de rechazo hacia la ni√±a de origen chino y menciona el miedo al contagio del coronavirus. Aunque el comentario comienza negando ser racista, su actitud y rechazo hacia la ni√±a demuestran lo contrario. La respuesta final es ""racismo""."
1023,"""Tuc√°n redimido"": El duro descalificativo de Maximiliano Guerra hacia Florencia Kirchner https://t.co/LMnHQGYAkK https://t.co/BPd4d6tMJ9",@usuario Por la pauta baila el mono.,"El texto utiliza la expresi√≥n ""por la pauta baila el mono"" de forma despectiva, aludiendo a la ascendencia √©tnica de la persona mencionada. La respuesta final es ""racismo""."
843,Keira Knightley no volver√° a filmar escenas de sexo dirigidas por hombres https://t.co/7Lz9Wbjhds,@usuario Jaja. Wow qu√© feminista. Ahora que ya no necesita plata...,"El mensaje se burla de la actriz Keira Knightley por su postura feminismos y sugiere que solo lo hace porque ya no necesita dinero. La respuesta final es ""mujer"""
891,China enviar√° nueva ayuda sanitaria a la Argentina para mitigar el impacto del coronavirus | Por Mart√≠n Dinatale https://t.co/VW8Th1oWln,"@usuario Vienen a qu√© ? A infectarnos a todos? Por otro lado siento que nos quizo decir que in√∫tiles somos, no sabemos c√≥mo manejar esta pandemia. üò≠","El comentario insin√∫a que los chinos pueden infectarnos a todos y critica la forma en que se est√° manejando la pandemia en Argentina. La respuesta final es ""racismo"""
649,Luis Novaresio se comprometi√≥ con Braulio Bauab: ‚ÄúEstamos felices‚Äù https://t.co/9TxObocon2,"@usuario es al pedo
las noticias de homosexuales SIEMPRE venden","El texto desprecia y minimiza las noticias relacionadas con personas homosexuales. La respuesta final es ""lgbti""."
510,"Alberto Fern√°ndez: ""Las mujeres mueven el mundo, pero algunos hombres las ayudamos a hacerlo"" https://t.co/IwCw2rv5z6 https://t.co/29vnBw04Sv",@usuario fernandez la quiere poner,"El comentario alude a una supuesta intenci√≥n sexual de Alberto Fern√°ndez hacia las mujeres. La respuesta final es ""mujer"""
766,Cient√≠ficos identificaron en China otro virus respiratorio‚Äúcon potencial para convertirse en pandemia‚Äù https://t.co/TQYuvSXqrT,"@usuario Ahora los encierran por las dudas, con esta noticia!!üôç‚Äç‚ôÄÔ∏èüôç‚Äç‚ôÄÔ∏èü§¶‚Äç‚ôÄÔ∏èü§¶‚Äç‚ôÄÔ∏èü§¶‚Äç‚ôÄÔ∏è","El comentario hace referencia a los chinos de manera despectiva y negativa. La respuesta final es ""racismo""."
